,mutation_shorthand,aa1,aa2,location,surface glycoprotein
0,G614D,G,D,614,0.13114754098360656
1,D496G,D,G,496,0.00546448087431694
3,Q1144E,Q,E,1144,0.00546448087431694
6,G291C,G,C,291,0.01092896174863388
7,G391C,G,C,391,0.01092896174863388
8,K394N,K,N,394,0.00546448087431694
9,R452L,R,L,452,0.00546448087431694
10,S274T,S,T,274,0.01639344262295082
11,K357R,K,R,357,0.01092896174863388
12,K408R,K,R,408,0.01639344262295082
14,N111D,N,D,111,0.00546448087431694
15,H115Q,H,Q,115,0.01092896174863388
16,T134Q,T,Q,134,0.00546448087431694
17,A142G,A,G,142,0.00546448087431694
18,F144Y,F,Y,144,0.00546448087431694
19,I781V,I,V,781,0.00546448087431694
20,Q786K,Q,K,786,0.00546448087431694
21,n950D,n,D,950,0.00546448087431694
22,l952V,l,V,952,0.00546448087431694
23,R621P,R,P,621,0.00546448087431694
24,D623A,D,A,623,0.00546448087431694
25,W851C,W,C,851,0.01092896174863388
26,F875S,F,S,875,0.01639344262295082
27,R436W,R,W,436,0.00546448087431694
28,D449Y,D,Y,449,0.00546448087431694
29,G575A,G,A,575,0.00546448087431694
30,R580Q,R,Q,580,0.00546448087431694
31,F605S,F,S,605,0.00546448087431694
32,F884S,F,S,884,0.00546448087431694
33,C885G,C,G,885,0.00546448087431694
34,G886W,G,W,886,0.00546448087431694
35,L888F,L,F,888,0.00546448087431694
36,P890A,P,A,890,0.00546448087431694
37,F894L,F,L,894,0.00546448087431694
38,V899A,V,A,899,0.00546448087431694
39,G903A,G,A,903,0.01092896174863388
40,S905R,S,R,905,0.00546448087431694
41,V908G,V,G,908,0.00546448087431694
42,F916L,F,L,916,0.01639344262295082
43,F939S,F,S,939,0.00546448087431694
44,H14Q,H,Q,14,0.00546448087431694
45,N529K,N,K,529,0.00546448087431694
46,F530S,F,S,530,0.00546448087431694
47,N531T,N,T,531,0.00546448087431694
48,S538C,S,C,538,0.00546448087431694
49,F539V,F,V,539,0.00546448087431694
50,F555S,F,S,555,0.00546448087431694
51,N569I,N,I,569,0.00546448087431694
52,G570A,G,A,570,0.00546448087431694
53,F865L,F,L,865,0.00546448087431694
54,G899A,G,A,899,0.00546448087431694
55,I22T,I,T,22,0.00546448087431694
56,N553T,N,T,553,0.00546448087431694
57,K556N,K,N,556,0.00546448087431694
58,I874T,I,T,874,0.00546448087431694
59,F127V,F,V,127,0.00546448087431694
60,I791T,I,T,791,0.00546448087431694
61,D928N,D,N,928,0.00546448087431694
62,N77K,N,K,77,0.00546448087431694
63,L106F,L,F,106,0.00546448087431694
64,G130V,G,V,130,0.00546448087431694
65,R131C,R,C,131,0.00546448087431694
66,T262A,T,A,262,0.01092896174863388
67,F468I,F,I,468,0.00546448087431694
68,W480C,W,C,480,0.00546448087431694
69,W488C,W,C,488,0.00546448087431694
70,L503V,L,V,503,0.00546448087431694
71,P506Q,P,Q,506,0.00546448087431694
72,F834I,F,I,834,0.00546448087431694
73,E839D,E,D,839,0.00546448087431694
74,E848D,E,D,848,0.00546448087431694
75,N835K,N,K,835,0.00546448087431694
76,I841L,I,L,841,0.00546448087431694
77,G843D,G,D,843,0.01092896174863388
78,H863P,H,P,863,0.0273224043715847
79,T1015A,T,A,1015,0.00546448087431694
80,P1021S,P,S,1021,0.00546448087431694
81,P1026A,P,A,1026,0.00546448087431694
82,V220F,V,F,220,0.00546448087431694
83,T222A,T,A,222,0.00546448087431694
84,N936D,N,D,936,0.00546448087431694
85,N975S,N,S,975,0.00546448087431694
86,A130V,A,V,130,0.00546448087431694
87,Y194F,Y,F,194,0.00546448087431694
88,D196N,D,N,196,0.00546448087431694
89,S204Y,S,Y,204,0.00546448087431694
90,N206K,N,K,206,0.00546448087431694
91,H211N,H,N,211,0.00546448087431694
92,H216L,H,L,216,0.00546448087431694
93,S234N,S,N,234,0.00546448087431694
94,K1019R,K,R,1019,0.00546448087431694
95,L1180Q,L,Q,1180,0.00546448087431694
96,S485G,S,G,485,0.00546448087431694
97,E510V,E,V,510,0.00546448087431694
98,V535K,V,K,535,0.00546448087431694
99,K540N,K,N,540,0.00546448087431694
100,P866T,P,T,866,0.00546448087431694
101,P899A,P,A,899,0.00546448087431694
102,N980I,N,I,980,0.00546448087431694
103,Q187K,Q,K,187,0.00546448087431694
104,L207H,L,H,207,0.00546448087431694
105,S208T,S,T,208,0.00546448087431694
106,N380Y,N,Y,380,0.00546448087431694
107,K448N,K,N,448,0.00546448087431694
108,F794I,F,I,794,0.00546448087431694
109,P803S,P,S,803,0.00546448087431694
110,F805I,F,I,805,0.00546448087431694
111,F806L,F,L,806,0.00546448087431694
112,K1150E,K,E,1150,0.00546448087431694
113,H173Q,H,Q,173,0.00546448087431694
114,P307T,P,T,307,0.00546448087431694
115,H675Q,H,Q,675,0.00546448087431694
116,G682R,G,R,682,0.00546448087431694
117,T686S,T,S,686,0.00546448087431694
118,T688A,T,A,688,0.00546448087431694
119,G689S,G,S,689,0.00546448087431694
120,V694A,V,A,694,0.00546448087431694
121,D695Y,D,Y,695,0.00546448087431694
122,A696T,A,T,696,0.00546448087431694
123,K697M,K,M,697,0.00546448087431694
124,V700G,V,G,700,0.00546448087431694
125,I705V,I,V,705,0.01092896174863388
126,N707Y,N,Y,707,0.00546448087431694
127,A708S,A,S,708,0.00546448087431694
128,K709N,K,N,709,0.00546448087431694
129,T710N,T,N,710,0.00546448087431694
130,T715P,T,P,715,0.00546448087431694
131,V717N,V,N,717,0.00546448087431694
132,K720I,K,I,720,0.00546448087431694
133,I721S,I,S,721,0.00546448087431694
134,I727L,I,L,727,0.00546448087431694
135,M729V,M,V,729,0.00546448087431694
136,N732T,N,T,732,0.00546448087431694
137,S741Y,S,Y,741,0.00546448087431694
138,P747T,P,T,747,0.00546448087431694
139,R755Q,R,Q,755,0.00546448087431694
140,L762Q,L,Q,762,0.00546448087431694
141,V767L,V,L,767,0.00546448087431694
142,A778T,A,T,778,0.00546448087431694
143,H784Q,H,Q,784,0.00546448087431694
144,P787Q,P,Q,787,0.00546448087431694
145,A791T,A,T,791,0.00546448087431694
146,V794I,V,I,794,0.00546448087431694
147,A798G,A,G,798,0.00546448087431694
148,S802F,S,F,802,0.00546448087431694
149,S811K,S,K,811,0.00546448087431694
150,D834I,D,I,834,0.00546448087431694
151,D838G,D,G,838,0.00546448087431694
152,P841L,P,L,841,0.00546448087431694
153,S225P,S,P,225,0.00546448087431694
154,F229L,F,L,229,0.00546448087431694
155,L231I,L,I,231,0.00546448087431694
156,C798G,C,G,798,0.00546448087431694
157,M814K,M,K,814,0.00546448087431694
158,K815R,K,R,815,0.00546448087431694
159,T816S,T,S,816,0.00546448087431694
160,F818I,F,I,818,0.00546448087431694
161,N820D,N,D,820,0.02185792349726776
162,R821L,R,L,821,0.00546448087431694
163,C823F,C,F,823,0.00546448087431694
164,L826V,L,V,826,0.00546448087431694
165,E829A,E,A,829,0.00546448087431694
166,H830D,H,D,830,0.00546448087431694
167,T834I,T,I,834,0.00546448087431694
168,A838G,A,G,838,0.00546448087431694
169,R842G,R,G,842,0.00546448087431694
170,E843D,E,D,843,0.00546448087431694
171,Q1181K,Q,K,1181,0.00546448087431694
172,I11V,I,V,11,0.00546448087431694
173,K44R,K,R,44,0.00546448087431694
174,v684A,v,A,684,0.00546448087431694
175,x688A,x,A,688,0.00546448087431694
176,K224E,K,E,224,0.00546448087431694
177,N228D,N,D,228,0.01092896174863388
178,W525C,W,C,525,0.00546448087431694
179,G819E,G,E,819,0.00546448087431694
180,P828L,P,L,828,0.01092896174863388
181,N830D,N,D,830,0.00546448087431694
190,S240T,S,T,240,0.01092896174863388
191,C550G,C,G,550,0.01092896174863388
192,N796D,N,D,796,0.00546448087431694
193,L797F,L,F,797,0.00546448087431694
194,G826V,G,V,826,0.00546448087431694
195,P208T,P,T,208,0.00546448087431694
196,K509R,K,R,509,0.00546448087431694
197,D516E,D,E,516,0.00546448087431694
198,Y544N,Y,N,544,0.00546448087431694
199,Y80D,Y,D,80,0.00546448087431694
200,I246R,I,R,246,0.00546448087431694
201,N813S,N,S,813,0.00546448087431694
202,P836Q,P,Q,836,0.00546448087431694
203,T824N,T,N,824,0.00546448087431694
204,K403R,K,R,403,0.00546448087431694
205,P411A,P,A,411,0.00546448087431694
206,H677Q,H,Q,677,0.00546448087431694
207,X1101H,X,H,1101,0.00546448087431694
208,X1136T,X,T,1136,0.00546448087431694
209,X1212W,X,W,1212,0.00546448087431694
210,D1207E,D,E,1207,0.00546448087431694
211,S67A,S,A,67,0.00546448087431694
212,L1103F,L,F,1103,0.00546448087431694
213,R750S,R,S,750,0.00546448087431694
214,R752L,R,L,752,0.00546448087431694
215,S838G,S,G,838,0.00546448087431694
216,R152W,R,W,152,0.00546448087431694
217,f1252S,f,S,1252,0.00546448087431694
218,L50S,L,S,50,0.00546448087431694
219,K323T,K,T,323,0.00546448087431694
223,T829A,T,A,829,0.09289617486338798
227,V701A,V,A,701,0.00546448087431694
